derviş	N;ABL(SG;PSS-2;PSS-PL	dervişinizden
çıngırağı çekmek	V;INFR;FUT;PRSP;NEG;INTR;NOM-2;NOM-PL	çıngırağı çekecek olmayacak mıymışsınız
birleştirmek	V;IND;PST;PERF;INTR;POS;NOM-2;NOM-PL	birleştirdi miydiniz
istiridye	N;ACC(SG;PSS-3;PSS-SG	istiridyesini
dakika	N;ACC-SG	dakikayı
temsilci	N;ABL(SG;PSS-1;PSS-PL	temsilcimizden
sorumluluk	N;NOM(PL;PSS-3;PSS-SG	sorumlulukları
süsmek	V;INFR;PST;PL;INTR;POS;NOM-3	süsmüşler miymiş
oynamak	V;NEC;PRS;POS;DECL;NOM-1;NOM-PL	oynameliyiz
gezmek	V;INFR;FUT;PERF;POS;DECL;NOM-2;NOM-SG	gezmiş olacaksın
bıyık	N;ABL(PL;PSS-3;PSS-SG	bıyıklarından
tarihçi	N;GEN(PL;PSS-3;PSS-SG	tarihçilerinin
ayna	N;ABL(SG;PSS-2;PSS-SG	aynandan
patlamak	V;NEC;PST;PROG;NEG;INTR;NOM-2;NOM-PL	patlıyor olmamalı mıydınız
saç fırçası	N;ACC-SG	saç fırçasını
şikâyet etmek	V;NEC;INFR;PRS;PROG;POS;DECL;NOM-2;NOM-SG	şikâyet ediyor olmalıymışsın
Belgratlı	N;DAT(SG;PSS-3;PSS-SG	Belgratlısına
silkmek	V;NEC;PRS;PROG;POS;DECL;NOM-3;NOM-PL	silkiyor olmalılar
işletim	N;PL;PRS;NOM-2;NOM-PL	işletimlersiniz
gütmek	V;INFR;PST;PERF;NEG;DECL;NOM-3;NOM-PL	gütmemişlerdi
üzmek	V;IND;PST;HAB;NEG;DECL;NOM-2;NOM-PL	üzmezdiniz
canlandırılmak	V;NEC;PST;NEG;DECL;NOM-3;NOM-PL	canlandırılmamalılardı
kovulmak	V;IND;FUT;PROG;NEG;DECL;NOM-1;NOM-PL	kovuluyor olmayacağız
ayrılmak	V;IND;FUT;PROG;NEG;DECL;NOM-1;NOM-SG	ayrılıyor olmayacağım
atom	N;GEN(SG;PSS-2;PSS-SG	atomunun
av	N;LOC(SG;PSS-2;PSS-PL	avınızda
yumurtalık	N;DAT-PL	yumurtalıklara
albüm	N;ABL(SG;PSS-2;PSS-PL	albümünüzden
oyuncak	N;PL;PRS;NOM-3;NOM-SG	oyuncaklar
girmek	V;INFR;FUT;NEG;DECL;NOM-3;NOM-SG	girmeyecekmiş
satranç	N;LOC(SG;PSS-3;PSS-SG	satrancında
ayna	N;GEN(SG;PSS-1;PSS-PL	aynamızın
yazmak	V;INFR;FUT;PROG;INTR;POS;NOM-3;NOM-SG	yazıyor olacak mıymış
gondol	N;DAT-PL	gondollara
serçe	N;GEN-SG	serçenin
temsilci	N;ACC(SG;PSS-3;PSS-SG	temsilcisini
çalmak	V;IND;PST;NEG;DECL;NOM-3;NOM-PL	çalmadılar
hastalanmak	V;IND;PST;NEG;INTR;NOM-3;NOM-PL	hastalanmadılar mı
kırdırmak	V;INFR;FUT;PROG;NEG;DECL;NOM-1;NOM-PL	kırdırıyor olmayacakmışız
harçlık	N;ABL-PL	harçlıklardan
gizem	N;GEN-SG	gizemin
sövmek	V;INFR;FUT;NEG;DECL;NOM-2;NOM-SG	sövmeyecekmişsin
kaynaştırtmak	V;INFR;PST;PRSP;NEG;INTR;NOM-3;NOM-SG	kaynaştırtmış olmayacak mıydı
atom	N;ABL(SG;PSS-3;PSS-SG	atomundan
sanmak	V;INFR;FUT;HAB;NEG;INTR;NOM-1;NOM-SG	sanır olmayacak mıymışım
çan	N;GEN(SG;PSS-1;PSS-PL	çanımızın
canlandırmak	V;INFR;PST;PRSP;NEG;DECL;NOM-3;NOM-PL	canlandırmış olmayacaklardı
eğitmek	V;NEC;PRS;PROG;NEG;INTR;NOM-3;NOM-PL	eğitiyor olmamalılar mı
keş	N;GEN(SG;PSS-2;PSS-SG	keşinin
dalmak	V;IND;FUT;INTR;POS;NOM-1;NOM-PL	dalacak mıyız
kuvvetlilik	N;ACC-SG	kuvvetliliği
tercüman	N;DAT-SG	tercümana
tutuşturmak	V;NEC;PRS;PROG;NEG;INTR;NOM-3;NOM-PL	tutuşturuyor olmamalılar mı
gaf	N;LOC(SG;PSS-2;PSS-PL	gafınızda
koleksiyon	N;DAT(SG;PSS-1;PSS-PL	koleksiyonumuza
katılmak	V;IND;PST;NEG;INTR;NOM-3;NOM-PL	katılmadılar mı
ücretlilik	N;DAT(PL;PSS-3;PSS-SG	ücretliliklerine
tepmek	V;IND;PST;PRSP;PROG;NEG;INTR;NOM-1;NOM-PL	tepiyor olmayacak mıydık
toprak olmak	V;INFR;FUT;NEG;DECL;NOM-3;NOM-PL	toprak olmayacaklarmış
pijama	N;ACC(SG;PSS-2;PSS-PL	pijamanızı
ünlü harf	N;LOC-PL	ünlü harflerde
ağda yapmak	V;INFR;FUT;PERF;NEG;DECL;NOM-2;NOM-SG	ağda yapmış olmayacaksın
sızmak	V;IND;PST;PRSP;PROG;NEG;DECL;NOM-3;NOM-SG	sızıyor olmayacaktı
heyecanlanmak	V;NEC;INFR;PRS;PROG;NEG;INTR;NOM-1;NOM-SG	heyecanlanıyor olmamalı mıymışım
ritm	N;ACC(PL;PSS-2;PSS-SG	ritmlerini
samankapan	N;LOC-PL	samankapanlarda
elmas	N;ACC(SG;PSS-2;PSS-SG	elmasını
motel	N;LOC(PL;PSS-1;PSS-PL	motellerimizde
zurna	N;NOM(SG;PSS-3;PSS-SG	zurnası
olta	N;ABL(PL;PSS-2;PSS-PL	oltalarınızdan
büktürtülmek	V;INFR;PST;PRSP;NEG;INTR;NOM-1;NOM-PL	büktürtülmüş olmayacak mıydık
sesçi	N;LOC(PL;PSS-1;PSS-PL	sesçilerimizde
tükenmek	V;IND;PRS;PROG;INTR;POS;NOM-2;NOM-PL	tükeniyor musunuz
cimcime	N;DAT(SG;PSS-2;PSS-SG	cimcimene
dövüş	N;LOC(PL;PSS-2;PSS-PL	dövüşlerinizde
yaklaşmak	V;NEC;PST;PROG;NEG;DECL;NOM-1;NOM-PL	yaklaşıyor olmamalıydık
pijama	N;ACC(PL;PSS-3;PSS-SG	pijamalarını
nalları dikmek	V;INFR;FUT;INTR;POS;NOM-1;NOM-SG	nalları dikecek miymişim
tartmak	V;INFR;FUT;PROG;INTR;POS;NOM-3;NOM-PL	tartıyor olacaklar mıymış
ayna	N;NOM(PL;PSS-3;PSS-SG	aynaları
süründürtmek	V;NEC;INFR;PST;POS;DECL;NOM-3;NOM-PL	süründürtmelilermiş
aşık	N;PL;PRS;NOM-2;NOM-PL	aşıklarsınız
konuk	N;ABL-SG	konuktan
üşenmek	V;IND;PST;HAB;PROG;POS;DECL;NOM-1;NOM-SG	üşeniyor olurdum
öpmek	V;NEC;PRS;PROG;POS;DECL;NOM-2;NOM-SG	öpüyor olmalısın
pijama	N;GEN(PL;PSS-3;PSS-SG	pijamalarının
ekşimek	V;INFR;FUT;PROG;POS;DECL;NOM-1;NOM-PL	ekşiyor olacakmışız
ehemmiyetlilik	N;LOC-PL	ehemmiyetliliklerde
tetrafobi	N;ACC-SG	tetrafobiyi
güreşçi	N;NOM(SG;PSS-2;PSS-SG	güreşçin
almak	V;INFR;FUT;PRSP;NEG;INTR;NOM-3;NOM-SG	alacak olmayacak mıymış
gelmek	V;IND;FUT;PRSP;NEG;INTR;NOM-2;NOM-PL	gelecek olmayacak mısınız
yufka	N;ABL(SG;PSS-3;PSS-SG	yufkasından
zurna	N;LOC(PL;PSS-3;PSS-SG	zurnalarında
harçlık	N;LOC-SG	harçlıkta
ritm	N;ACC(SG;PSS-1;PSS-PL	ritmimizi
uymak	V;IND;PST;PRSP;PROG;POS;DECL;NOM-3;NOM-PL	uyuyor olacaklardı
kürke	N;GEN(PL;PSS-2;PSS-SG	kürkelerinin
öpmek	V;INFR;PRS;PROG;NEG;INTR;NOM-1;NOM-PL	öpmüyor muymuşuz
leş	N;ABL(PL;PSS-2;PSS-PL	leşlerinizden
sövmek	V;IND;PST;INTR;POS;NOM-3;NOM-PL	sövdüler mi
kafes bileşik	N;DAT-SG	kafes bileşiğe
zurna	N;ACC(SG;PSS-2;PSS-PL	zurnanızı
şişmek	V;INFR;FUT;POS;DECL;NOM-2;NOM-SG	şişecekmişsin
acıktırmak	V;IND;PST;PRSP;PROG;NEG;DECL;NOM-3;NOM-PL	yaptırıyor olmayacaklardı
pandeist	N;SG;INFR;PST;NOM-2;NOM-PL	pandeistmişsiniz
unutmak	V;INFR;PST;PL;NEG;DECL;NOM-1	unutmamışmışız
demek	V;IND;FUT;PRSP;NEG;DECL;NOM-3;NOM-SG	diyecek olmayacak
vücut	N;ABL-SG	vücuttan
çaydanlık	N;GEN-SG	çaydanlığın
gereksinim	N;LOC(PL;PSS-2;PSS-SG	gereksinimlerinde
satılmak	V;IND;PST;PROG;NEG;INTR;NOM-3;NOM-PL	satılmıyorlar mıydı
bildirmek	V;INFR;FUT;HAB;INTR;POS;NOM-3;NOM-PL	bildirir olacaklar mıymış
sızmak	V;NEC;INFR;PST;NEG;DECL;NOM-1;NOM-SG	sızmamalıymışım
mobilya	N;DAT(PL;PSS-2;PSS-PL	mobilyalarınıza
çıngırağı çekmek	V;NEC;PRS;PROG;POS;DECL;NOM-1;NOM-SG	çıngırağı çekiyor olmalıyım
çalışmak	V;IND;FUT;PRSP;NEG;INTR;NOM-1;NOM-SG	çalışacak olmayacak mıyım
gelmek	V;INFR;FUT;HAB;INTR;POS;NOM-3;NOM-PL	gelir olacaklar mıymış
toprak olmak	V;IND;PRS;PROG;POS;DECL;NOM-2;NOM-PL	toprak oluyorsunuz
samankapan	N;ABL(SG;PSS-3;PSS-SG	samankapanından
takısız ad tamlaması	N;ACC-PL	takısız ad tamlamalarını
mağara	N;GEN(SG;PSS-1;PSS-PL	mağaramızın
samankapan	N;LOC(PL;PSS-2;PSS-SG	samankapanlarında
kırdırmak	V;NEC;PRS;INTR;POS;NOM-1;NOM-PL	kırdırmeli miyiz
Abu Dabili	N;SG;INFR;PST;NOM-1;NOM-SG	Abu Dabiliymişim
yetmezlik	N;NOM(SG;PSS-2;PSS-PL	yetmezliğiniz
yufka	N;DAT(PL;PSS-3;PSS-SG	yufkalarına
kutu	N;GEN-SG	kutunun
supap	N;DAT(SG;PSS-2;PSS-SG	supabına
şal	N;ABL(SG;PSS-3;PSS-SG	şalından
ayna	N;ABL(PL;PSS-1;PSS-PL	aynalarımızdan
güzellik	N;ACC-SG	güzelliği
eskimek	V;INFR;PRS;PROG;POS;DECL;NOM-3;NOM-PL	eskiyorlarmış
âmâ	N;SG;INFR;PST;NOM-3;NOM-PL	âmâymışlar
öğrenci	N;LOC(SG;PSS-2;PSS-SG	öğrencinde
ettirtmek	V;NEC;PRS;NEG;DECL;NOM-3;NOM-PL	ettirtmemeliler
büzük	N;LOC(PL;PSS-3;PSS-SG	büzüklerinde
âşık	N;ABL-SG	âşıktan
istiridye	N;GEN(PL;PSS-2;PSS-PL	istiridyelerinizin
açmak	V;IND;PST;INTR;POS;NOM-2;NOM-SG	açtın mı
boy ölçüşmek	V;IND;PRS;HAB;INTR;POS;NOM-1;NOM-PL	boy ölçüşür müyüz
büktürtmek	V;NEC;PRS;POS;DECL;NOM-2;NOM-SG	büktürtmelisin
alındırtmak	V;NEC;INFR;PRS;PROG;NEG;DECL;NOM-2;NOM-SG	alındırtıyor olmamalıymışsın
soğan	N;GEN(SG;PSS-3;PSS-SG	soğanının
altın	N;DAT(PL;PSS-2;PSS-SG	altınlarına
kasbilim	N;ACC-PL	kasbilimleri
imrenmek	V;IND;PST;PERF;INTR;POS;NOM-1;NOM-PL	imrendi miydik
kafes bileşik	N;ABL-SG	kafes bileşikten
cinsel yönelim	N;ACC(PL;PSS-1;PSS-PL	cinsel yönelimlerimizi
eğitmek	V;IND;PRS;HAB;NEG;DECL;NOM-2;NOM-PL	eğitmezsiniz
kürke	N;NOM(PL;PSS-2;PSS-SG	kürkelerin
kaynaştırtılmak	V;IND;FUT;PROG;NEG;INTR;NOM-3;NOM-PL	kaynaştırtılıyor olmayacaklar mı
bok	N;LOC-PL	boklarda
dış gezegen	N;NOM-SG	dış gezegen
döndürmek	V;IND;PST;PRSP;NEG;INTR;NOM-1;NOM-PL	döndürmeyecek miydik
istiridye	N;GEN-PL	istiridyelerin
yazmak	V;IND;PST;PRSP;NEG;INTR;NOM-1;NOM-PL	yazmayacak mıydık
ehemmiyetlilik	N;ACC(SG;PSS-3;PSS-SG	ehemmiyetliliğini
kanmak	V;IND;PRS;PROG;INTR;POS;NOM-1;NOM-PL	kanıyor muyuz
kerpeten	N;DAT(SG;PSS-2;PSS-SG	kerpetenine
sumak	N;LOC(PL;PSS-2;PSS-PL	sumaklarınızda
kulağını bükmek	V;INFR;PST;PRSP;POS;DECL;NOM-1;NOM-PL	kulağını bükmüş olacaktık
temsilci	N;PL;INFR;PST;NOM-2;NOM-PL	temsilcilermişsiniz
süzmek	V;IND;PST;PRSP;PROG;NEG;DECL;NOM-1;NOM-SG	süzüyor olmayacaktım
cüzzam	N;ABL(PL;PSS-3;PSS-SG	cüzzamlarından
attırmak	V;INFR;FUT;NEG;DECL;NOM-1;NOM-PL	attırmayacakmışız
kosinüs	N;LOC-PL	kosinüslerde
parçacık	N;GEN(PL;PSS-2;PSS-SG	parçacıklarının
kürke	N;ACC-SG	kürkeyi
satranç	N;ACC(PL;PSS-2;PSS-SG	satrançlarını
fortlamak	V;INFR;PST;SG;POS;DECL;NOM-3	fortlamışmış
izlemek	V;INFR;FUT;POS;DECL;NOM-2;NOM-PL	izleyecekmişsiniz
cimcime	N;SG;IND;PST;NOM-3;NOM-PL	cimcimeydiler
iskender	N;NOM-PL	iskenderler
tütüncü	N;ACC(SG;PSS-2;PSS-PL	tütüncünüzü
germek	V;NEC;INFR;PST;NEG;INTR;NOM-2;NOM-PL	germemeli miymişsiniz
şaşırttırmak	V;INFR;PST;PERF;NEG;DECL;NOM-1;NOM-PL	şaşırttırmamıştık
saydırtmak	V;INFR;PRS;PROG;INTR;POS;NOM-1;NOM-SG	saydırtıyor muymuşum
artmak	V;INFR;PST;PL;NEG;DECL;NOM-2	artmamışmışsınız
gözlemek	V;INFR;PST;NEG;DECL;NOM-2;NOM-SG	gözlememişsin
anahtar kelime	N;DAT-PL	anahtar kelimelere
plak	N;GEN(PL;PSS-2;PSS-PL	plaklarınızın
diremek	V;INFR;FUT;PRSP;POS;DECL;NOM-1;NOM-PL	direecek olacakmışız
ağda yapmak	V;NEC;PRS;NEG;INTR;NOM-3;NOM-PL	ağda yapmameliler mi
döndürmek	V;INFR;PST;PL;NEG;INTR;NOM-3	döndürmemişler miymiş
silkmek	V;NEC;PST;PROG;INTR;POS;NOM-3;NOM-PL	silkiyor olmalılar mıydı
tutuşturmak	V;IND;FUT;PROG;NEG;DECL;NOM-2;NOM-SG	tutuşturuyor olmayacaksın
satılmak	V;INFR;PST;NEG;DECL;NOM-2;NOM-SG	satılmamışsın
yıkamak	V;INFR;FUT;PRSP;NEG;INTR;NOM-1;NOM-PL	yıkaacak olmayacak mıymışız
gizlemek	V;INFR;PST;PL;NEG;INTR;NOM-1	gizlememiş miymişiz
verilmek	V;IND;PST;HAB;PROG;INTR;POS;NOM-3;NOM-PL	veriliyor olurlar mıydı
soymak	V;IND;PST;INTR;POS;NOM-2;NOM-PL	soydunuz mu
göbek dansı	N;GEN-PL	göbek danslarının
yaratmak	V;INFR;PST;PRSP;NEG;DECL;NOM-1;NOM-PL	yaratmış olmayacaktık
ayrılmak	V;IND;PRS;HAB;NEG;DECL;NOM-1;NOM-SG	ayrılmam
pişirmek	V;IND;PST;HAB;NEG;DECL;NOM-2;NOM-SG	pişirmezdin
ölümsüzleştirmek	V;INFR;FUT;PERF;NEG;DECL;NOM-1;NOM-SG	ölümsüzleştirmiş olmayacağım
kulağını bükmek	V;IND;PST;POS;DECL;NOM-2;NOM-PL	kulağını büktünüz
satılmak	V;INFR;FUT;PRSP;INTR;POS;NOM-3;NOM-SG	satılacak olacak mıymış
bilim teorisi	N;ABL-SG	bilim teorisinden
kirletmek	V;NEC;PST;NEG;INTR;NOM-3;NOM-SG	kirletmemeli miydi
dedikodu yapmak	V;NEC;PRS;INTR;POS;NOM-3;NOM-PL	dedikodu yapmeliler mi
geçinmek	V;INFR;PST;PRSP;NEG;INTR;NOM-2;NOM-SG	geçinmiş olmayacak mıydın
bandaj	N;GEN(SG;PSS-1;PSS-PL	bandajımızın
konferans	N;LOC(SG;PSS-2;PSS-SG	konferansında
boy ölçüşmek	V;IND;PRS;PROG;NEG;INTR;NOM-3;NOM-SG	boy ölçüşmüyor mu
brokoli	N;LOC(SG;PSS-2;PSS-SG	brokolinde
korkutmak	V;IND;PST;PERF;NEG;DECL;NOM-2;NOM-PL	korkutmadıydınız
kirletmek	V;INFR;PRS;HAB;NEG;INTR;NOM-1;NOM-SG	kirletmez miymişim
durmak	V;IND;PST;PRSP;POS;DECL;NOM-2;NOM-PL	duracaktınız
çevirmek	V;NEC;PST;PROG;INTR;POS;NOM-3;NOM-PL	çeviriyor olmalılar mıydı
irdelemek	V;NEC;PST;PROG;INTR;POS;NOM-1;NOM-PL	irdeliyor olmalı mıydık
demek	V;INFR;PST;PERF;NEG;DECL;NOM-3;NOM-SG	dememişti
ahududu	N;ACC-SG	ahududunu
çatmak	V;NEC;PRS;NEG;DECL;NOM-3;NOM-SG	çatmameli
aşiret	N;DAT(PL;PSS-2;PSS-PL	aşiretlerinize
üstesinden gelmek	V;NEC;PRS;POS;DECL;NOM-3;NOM-PL	üstesinden gelmeliler
girmek	V;NEC;PRS;POS;DECL;NOM-3;NOM-PL	girmeliler
öldürtmek	V;IND;FUT;PROG;NEG;DECL;NOM-3;NOM-SG	öldürtüyor olmayacak
sözlük	N;ACC(SG;PSS-1;PSS-PL	sözlüğümüzü
elma	N;DAT(SG;PSS-2;PSS-PL	elmanıza
tükenmek	V;INFR;FUT;PROG;INTR;POS;NOM-2;NOM-SG	tükeniyor olacak mıymışsın
aşiret	N;ABL(SG;PSS-2;PSS-PL	aşiretinizden
otogar	N;NOM(PL;PSS-3;PSS-SG	otogarları
gelmek	V;NEC;INFR;PRS;PROG;INTR;POS;NOM-3;NOM-SG	geliyor olmalı mıymış
kırılmak	V;IND;PST;HAB;NEG;DECL;NOM-2;NOM-PL	kırılmazdınız
canlandırmak	V;IND;PRS;HAB;INTR;POS;NOM-1;NOM-SG	canlandırır mıyım
gereksinim	N;NOM(PL;PSS-2;PSS-SG	gereksinimlerin
ölçülmek	V;IND;FUT;POS;DECL;NOM-2;NOM-PL	ölçüleceksiniz
saç fırçası	N;GEN-PL	saç fırçalarının
üzmek	V;IND;PST;PRSP;PROG;POS;DECL;NOM-1;NOM-PL	üzüyor olacaktık
gefirofobi	N;NOM-PL	gefirofobiler
taç yaprak	N;ABL-SG	taç yapraktan
cenaze	N;DAT(PL;PSS-2;PSS-PL	cenazelerinize
pay	N;ABL(PL;PSS-3;PSS-SG	paylarından
keş	N;DAT(PL;PSS-3;PSS-SG	keşlerine
topoloji	N;LOC(SG;PSS-1;PSS-PL	topolojimizde
tepmek	V;INFR;PRS;PROG;NEG;DECL;NOM-2;NOM-SG	tepmiyormuşsun
anahtar kelime	N;ABL(PL;PSS-2;PSS-PL	anahtar kelimelerinizden
kullanılmak	V;NEC;PRS;POS;DECL;NOM-3;NOM-SG	kullanılmeli
ritim	N;ABL(PL;PSS-3;PSS-SG	ritimlerinden
kasbilim	N;DAT-PL	kasbilimlere
anahtar kelime	N;GEN(PL;PSS-3;PSS-SG	anahtar kelimelerinin
dolmak	V;INFR;PRS;HAB;NEG;DECL;NOM-2;NOM-PL	dolmazmışsınız
gelmek	V;NEC;PST;INTR;POS;NOM-2;NOM-PL	gelmeli miydiniz
kurumak	V;IND;PST;PRSP;NEG;DECL;NOM-1;NOM-PL	kurumayacaktık
çevirmek	V;IND;FUT;PRSP;NEG;DECL;NOM-1;NOM-PL	çevirecek olmayacağız
derviş	N;GEN(SG;PSS-2;PSS-PL	dervişinizin
körfez	N;GEN(SG;PSS-3;PSS-SG	körfezinin
saydırmak	V;IND;FUT;PRSP;POS;DECL;NOM-2;NOM-SG	saydıracak olacaksın
geçmek	V;IND;PST;INTR;POS;NOM-2;NOM-PL	geçtiniz mi
işletim	N;SG;IND;PST;NOM-3;NOM-PL	işletimdiler
bıçaklamak	V;INFR;PRS;HAB;INTR;POS;NOM-2;NOM-SG	bıçaklar mıymışsın
oynamak	V;INFR;PST;PL;NEG;INTR;NOM-1	oynamamış mıymışız
zurna	N;ABL(SG;PSS-3;PSS-SG	zurnasından
yeterlik	N;ABL(PL;PSS-3;PSS-SG	yeterliklerinden
taklit	N;LOC(SG;PSS-2;PSS-PL	taklidinizde
yerleşmek	V;IND;FUT;INTR;POS;NOM-2;NOM-PL	yerleşecek misiniz
hata yapmak	V;IND;PST;PROG;NEG;INTR;NOM-1;NOM-PL	hata yapmıyor muyduk
bitirtmek	V;IND;PRS;HAB;INTR;POS;NOM-1;NOM-SG	bitirtir miyim
aşmak	V;INFR;PST;SG;NEG;INTR;NOM-1	aşmamış mıymışım
büktürtmemek	V;INFR;PST;INTR;POS;NOM-1;NOM-PL	büktürtmemiş miyiz
deneyim	N;ACC(PL;PSS-1;PSS-PL	deneyimlerimizi
ekşimek	V;IND;PRS;PROG;NEG;INTR;NOM-1;NOM-SG	ekşimiyor muyum
düşmek	V;NEC;INFR;PRS;PROG;POS;DECL;NOM-1;NOM-PL	düşüyor olmalıymışız
yetmezlik	N;LOC(SG;PSS-1;PSS-PL	yetmezliğimizde
geçmek	V;IND;PRS;HAB;INTR;POS;NOM-2;NOM-PL	geçer misiniz
jonglör	N;LOC-SG	jonglörde
kuvvetlilik	N;ABL-SG	kuvvetlilikten
şal	N;ACC-SG	şalı
toprak olmak	V;NEC;INFR;PST;NEG;DECL;NOM-3;NOM-SG	toprak olmamalıymış
mukavemet	N;LOC-SG	mukavemette
körfez	N;GEN-PL	körfezlerin
kötüleştirmek	V;IND;PST;POS;DECL;NOM-2;NOM-SG	kötüleştirdin
coşmak	V;NEC;PRS;PROG;NEG;DECL;NOM-1;NOM-PL	coşuyor olmamalıyız
kaynaştırtılmak	V;INFR;FUT;PRSP;NEG;DECL;NOM-3;NOM-PL	kaynaştırtılacak olmayacaklarmış
hata yapmak	V;INFR;PRS;PROG;NEG;DECL;NOM-3;NOM-SG	hata yapmıyormuş
şaşırmak	V;INFR;PST;SG;POS;DECL;NOM-1	şaşırmışmışım
tarihçi	N;SG;INFR;PST;NOM-3;NOM-PL	tarihçiymişler
derviş	N;NOM-PL	dervişler
öpüşmek	V;NEC;PRS;POS;DECL;NOM-2;NOM-SG	öpüşmelisin
âşık	N;ACC(PL;PSS-3;PSS-SG	âşıklarını
cenaze	N;ACC(SG;PSS-3;PSS-SG	cenazesini
kulağını bükmek	V;IND;FUT;NEG;DECL;NOM-2;NOM-SG	kulağını bükmeyeceksin
aşmak	V;IND;FUT;PROG;NEG;INTR;NOM-2;NOM-SG	aşıyor olmayacak mısın
saban	N;GEN(SG;PSS-3;PSS-SG	sabanının
boğmak	V;NEC;PRS;NEG;DECL;NOM-1;NOM-SG	boğmameliyim
oyuncak	N;DAT-SG	oyuncağa
diremek	V;NFIN	diremek
dedikodu yapmak	V;INFR;FUT;NEG;DECL;NOM-3;NOM-SG	dedikodu yapmayacakmış
kötüleştirmek	V;INFR;PST;NEG;INTR;NOM-2;NOM-PL	kötüleştirmemiş misiniz
cüzzam	N;DAT(PL;PSS-3;PSS-SG	cüzzamlarına
ücretlilik	N;ACC(SG;PSS-2;PSS-SG	ücretliliğini
otogar	N;NOM-SG	otogar
brokoli	N;NOM(PL;PSS-3;PSS-SG	brokolileri
öldürtmek	V;IND;PST;PRSP;NEG;DECL;NOM-2;NOM-SG	öldürtmeyecektin
âmâ	N;PL;INFR;PST;NOM-1;NOM-SG	âmâlarmışım
göt yanağı	N;ACC-SG	göt yanağını
çökmek	V;INFR;FUT;PROG;INTR;POS;NOM-1;NOM-PL	çöküyor olacak mıymışız
bükmemek	V;NEC;PST;NEG;DECL;NOM-2;NOM-SG	bükmememeliydin
işletim	N;SG;PRS;NOM-1;NOM-SG	işletimim
mobilya	N;DAT-SG	mobilyaya
keş	N;ABL(SG;PSS-2;PSS-PL	keşinizden
çevirmek	V;INFR;PST;SG;INTR;POS;NOM-2	çevirmiş miymişsin
yeterlik	N;ABL(PL;PSS-2;PSS-PL	yeterliklerinizden
cüzzam	N;ABL(SG;PSS-2;PSS-SG	cüzzamından
supap	N;ACC(SG;PSS-3;PSS-SG	supabını
kapı yapmak	V;NEC;INFR;PRS;PROG;NEG;INTR;NOM-3;NOM-SG	kapı yapıyor olmamalı mıymış
cimcime	N;ACC(PL;PSS-2;PSS-SG	cimcimelerini
baklava	N;LOC(PL;PSS-1;PSS-PL	baklavalarımızda
keş	N;ACC(SG;PSS-3;PSS-SG	keşini
almak	V;INFR;FUT;PRSP;POS;DECL;NOM-1;NOM-SG	alacak olacakmışım
büzük	N;LOC(SG;PSS-3;PSS-SG	büzüğünde
samankapan	N;ACC(PL;PSS-2;PSS-SG	samankapanlarını
cüzzam	N;GEN-SG	cüzzamın
aşmak	V;INFR;FUT;PRSP;NEG;DECL;NOM-3;NOM-SG	aşacak olmayacakmış
fortlamak	V;INFR;PST;PERF;NEG;INTR;NOM-1;NOM-PL	fortlamamış mıydık
hazine	N;DAT-SG	hazineye
öğütmek	V;NEC;PRS;PROG;NEG;DECL;NOM-1;NOM-SG	öğütüyor olmamalıyım
satranç	N;ACC(PL;PSS-3;PSS-SG	satrançlarını
dönmek	V;INFR;PST;NEG;INTR;NOM-2;NOM-PL	dönmemiş misiniz
cüzzam	N;NOM(PL;PSS-3;PSS-SG	cüzzamları
soymak	V;IND;PST;NEG;INTR;NOM-2;NOM-PL	soymadınız mı
dış gezegen	N;NOM-PL	dış gezegenler
hesap	N;NOM-PL	hesaplar
durmak	V;INFR;PST;SG;POS;DECL;NOM-3	durmuşmuş
canlanmak	V;IND;PST;PROG;NEG;INTR;NOM-3;NOM-SG	canlanmıyor muydu
sekizgen	N;ABL-SG	sekizgenden
oynamak	V;IND;FUT;NEG;INTR;NOM-2;NOM-PL	oynamayacak mısınız
yönelme durumu	N;DAT-PL	yönelme durumlarına
kerpeten	N;ACC-PL	kerpetenleri
âmâ	N;PL;INFR;PST;NOM-1;NOM-PL	âmâlarmışız
iskender	N;LOC(SG;PSS-3;PSS-SG	iskenderinde
sıvılaştırmak	V;INFR;FUT;HAB;NEG;INTR;NOM-1;NOM-PL	sıvılaştırır olmayacak mıymışız
kovdurtmak	V;IND;PRS;PROG;POS;DECL;NOM-3;NOM-SG	kovdurtuyor
canlandırmak	V;NEC;INFR;PRS;PROG;NEG;DECL;NOM-1;NOM-PL	canlandırıyor olmamalıymışız
germek	V;IND;FUT;POS;DECL;NOM-1;NOM-SG	gereceğim
aşmak	V;IND;PST;PERF;INTR;POS;NOM-2;NOM-PL	aştı mıydınız
avukat	N;NOM(SG;PSS-3;PSS-SG	avukatı
albüm	N;NOM(SG;PSS-2;PSS-PL	albümünüz
ıslık çalmak	V;IND;PST;PRSP;PROG;NEG;DECL;NOM-2;NOM-SG	ıslık çalıyor olmayacaktın
koyulaşmak	V;INFR;PST;NEG;INTR;NOM-2;NOM-SG	koyulaşmamış mısın
sosyoloji	N;ACC-SG	sosyolojiyi
pay	N;NOM-PL	paylar
kovdurmak	V;INFR;PST;INTR;POS;NOM-1;NOM-SG	kovdurmuş muyum
prostat	N;ACC(PL;PSS-1;PSS-PL	prostatlarımızı
birleştirmek	V;IND;PST;NEG;DECL;NOM-1;NOM-PL	birleştirmedik
birleştirmek	V;NEC;PST;POS;DECL;NOM-2;NOM-SG	birleştirmeliydin
kovulmak	V;IND;FUT;INTR;POS;NOM-1;NOM-PL	kovulacak mıyız
şamarlamak	V;IND;PRS;PROG;NEG;DECL;NOM-3;NOM-PL	şamarlamıyorlar
sunulmak	V;IND;PST;HAB;INTR;POS;NOM-2;NOM-PL	sunulur muydunuz
concon	N;DAT(PL;PSS-1;PSS-PL	conconlarımıza
imrenmek	V;INFR;FUT;PERF;POS;DECL;NOM-2;NOM-SG	imrenmiş olacaksın
geğirmek	V;INFR;FUT;PERF;NEG;DECL;NOM-2;NOM-SG	geğirmiş olmayacaksın
süründürtmek	V;INFR;PST;PERF;NEG;DECL;NOM-3;NOM-SG	süründürtmemişti
mağara	N;ABL-SG	mağaradan
izlemek	V;NEC;PRS;POS;DECL;NOM-2;NOM-SG	izlemelisin
eğilmek	V;IND;PST;INTR;POS;NOM-1;NOM-SG	eğildim mi
yumurtalık	N;GEN(PL;PSS-1;PSS-PL	yumurtalıklarımızın
germek	V;IND;FUT;PRSP;NEG;INTR;NOM-3;NOM-SG	gerecek olmayacak mı
konmak	V;IND;PST;PRSP;NEG;DECL;NOM-1;NOM-SG	konmayacaktım
geliştirmek	V;NEC;PRS;POS;DECL;NOM-1;NOM-SG	geliştirmeliyim
ikilem	N;ACC(SG;PSS-3;PSS-SG	ikilemini
mermi	N;SG;INFR;PST;NOM-3;NOM-SG	mermiymiş
bükmemek	V;NEC;INFR;PST;NEG;DECL;NOM-2;NOM-SG	bükmememeliymişsin
karar vermek	V;NEC;INFR;PRS;PROG;POS;DECL;NOM-2;NOM-SG	karar veriyor olmalıymışsın
büyücü	N;GEN(SG;PSS-1;PSS-PL	büyücümüzün
sinir hücresi	N;NOM-PL	sinir hücreleri
büzük	N;ABL(SG;PSS-2;PSS-SG	büzüğünden
ölçülmek	V;INFR;PRS;HAB;NEG;DECL;NOM-1;NOM-PL	ölçülmezmişiz
körfez	N;GEN(PL;PSS-1;PSS-PL	körfezlerimizin
güreşçi	N;SG;INFR;PST;NOM-3;NOM-SG	güreşçiymiş
pay	N;ACC(SG;PSS-2;PSS-SG	payını
konmak	V;IND;PRS;HAB;POS;DECL;NOM-2;NOM-PL	konarsınız
aşure	N;ACC(SG;PSS-3;PSS-SG	aşuresini
kurumak	V;IND;PRS;HAB;INTR;POS;NOM-2;NOM-PL	kurur musunuz
fortlamak	V;IND;FUT;PROG;NEG;INTR;NOM-3;NOM-PL	fortluyor olmayacaklar mı
kovmamak	V;INFR;PST;POS;DECL;NOM-2;NOM-PL	kovmamışsınız
öpüşmek	V;INFR;FUT;HAB;POS;DECL;NOM-2;NOM-PL	öpüşür olacakmışsınız
koleksiyon	N;ABL-SG	koleksiyondan
ikilem	N;ABL(PL;PSS-3;PSS-SG	ikilemlerinden
köfte	N;ACC(PL;PSS-1;PSS-PL	köftelerimizi
canlandırılmak	V;IND;PST;HAB;PROG;INTR;POS;NOM-1;NOM-SG	canlandırılıyor olur muydum
yıkamak	V;IND;PST;PERF;POS;DECL;NOM-1;NOM-SG	yıkadıydım
İngilizceleştirmek	V;NEC;PRS;PROG;INTR;POS;NOM-2;NOM-SG	İngilizceleştiriyor olmalı mısın
bıkmak	V;IND;FUT;PROG;NEG;DECL;NOM-3;NOM-PL	bıkıyor olmayacaklar
idadi	N;ACC-PL	idadileri
gizlemek	V;INFR;FUT;PERF;NEG;INTR;NOM-2;NOM-PL	gizlemiş olmayacak mısınız
artmak	V;INFR;FUT;NEG;DECL;NOM-3;NOM-SG	artmayacakmış
horlamak	V;IND;PST;NEG;INTR;NOM-2;NOM-SG	horlamadın mı
psikoterapi	N;LOC(PL;PSS-2;PSS-PL	psikoterapilerinizde
boğmak	V;IND;PST;PRSP;PROG;NEG;INTR;NOM-2;NOM-SG	boğuyor olmayacak mıydın
boy ölçüşmek	V;IND;PST;PROG;NEG;DECL;NOM-1;NOM-PL	boy ölçüşmüyorduk
brokoli	N;ABL(SG;PSS-2;PSS-PL	brokolinizden
albüm	N;LOC(PL;PSS-2;PSS-PL	albümlerinizde
kaynaştırtılmak	V;IND;PST;HAB;POS;DECL;NOM-3;NOM-SG	kaynaştırtılırdı
mermi	N;ABL-SG	mermiden
taç yaprak	N;LOC(PL;PSS-1;PSS-PL	taç yapraklarımızda
süründürtmek	V;INFR;PST;NEG;INTR;NOM-1;NOM-PL	süründürtmemiş miyiz
dolap çevirmek	V;IND;FUT;INTR;POS;NOM-2;NOM-PL	dolap çevirecek misiniz
tercüman	N;PL;INFR;PST;NOM-3;NOM-SG	tercümanlarmış
kurumak	V;INFR;FUT;POS;DECL;NOM-3;NOM-PL	kuruyacaklarmış
buluşmak	V;IND;PRS;PROG;POS;DECL;NOM-1;NOM-PL	buluşuyoruz
tükenmek	V;INFR;PST;POS;DECL;NOM-2;NOM-PL	tükenmişsiniz
elmas	N;DAT(SG;PSS-3;PSS-SG	elmasına
ettirtmek	V;IND;PST;HAB;NEG;DECL;NOM-1;NOM-SG	ettirtmezdim
dizmek	V;IND;PST;PRSP;PROG;NEG;INTR;NOM-1;NOM-PL	diziyor olmayacak mıydık
dilber	N;ABL(PL;PSS-2;PSS-SG	dilberlerinden
koyulaşmak	V;IND;PST;PROG;NEG;INTR;NOM-2;NOM-PL	koyulaşmıyor muydunuz
konferans	N;DAT(SG;PSS-2;PSS-PL	konferansınıza
cezve	N;LOC-PL	cezvelerde
uymak	V;INFR;PST;SG;NEG;DECL;NOM-2	uymamışmışsın
şamarlamak	V;INFR;FUT;PROG;NEG;INTR;NOM-3;NOM-PL	şamarlıyor olmayacaklar mıymış
kazanmak	V;NEC;PRS;PROG;POS;DECL;NOM-2;NOM-PL	kazanıyor olmalısınız
delirmek	V;IND;PST;HAB;POS;DECL;NOM-3;NOM-PL	delirirlerdi
gerinmek	V;INFR;FUT;HAB;INTR;POS;NOM-3;NOM-SG	gerinir olacak mıymış
dilber	N;ACC(SG;PSS-3;PSS-SG	dilberini
yıpranmak	V;IND;PST;NEG;DECL;NOM-1;NOM-SG	yıpranmadım
ayrılmak	V;INFR;PRS;PROG;INTR;POS;NOM-3;NOM-SG	ayrılıyor muymuş
kovmamak	V;INFR;FUT;HAB;INTR;POS;NOM-2;NOM-SG	kovar olacak mıymışsın
çalmak	V;IND;PST;PERF;POS;DECL;NOM-2;NOM-SG	çaldıydın
gereksinim	N;GEN-SG	gereksinimin
et	N;ACC(SG;PSS-2;PSS-PL	etinizi
kist	N;ACC(PL;PSS-1;PSS-PL	kistlerimizi
saç fırçası	N;ABL-SG	saç fırçasından
yetki	N;NOM-SG	yetki
durmak	V;IND;PST;HAB;POS;DECL;NOM-2;NOM-PL	dururdunuz
batmak	V;IND;PST;HAB;NEG;DECL;NOM-2;NOM-SG	batmazdın
ikilem	N;NOM-SG	ikilem
iskender	N;ABL(PL;PSS-2;PSS-PL	iskenderlerinizden
bit sineği	N;ABL-SG	bit sineğinden
silmek	V;INFR;FUT;PROG;NEG;DECL;NOM-2;NOM-PL	siliyor olmayacakmışsınız
saydırmak	V;INFR;PST;PRSP;NEG;DECL;NOM-3;NOM-SG	saydırmış olmayacaktı
âmâ	N;ACC-PL	âmâları
imrenmek	V;INFR;PST;NEG;DECL;NOM-3;NOM-SG	imrenmemiş
yumurtalık	N;ACC(SG;PSS-3;PSS-SG	yumurtalığını
sesçi	N;PL;PRS;NOM-3;NOM-PL	sesçilerdir
yetmezlik	N;ACC(PL;PSS-3;PSS-SG	yetmezliklerini
soğan	N;LOC(SG;PSS-2;PSS-SG	soğanında
alfa sürümü	N;DAT-PL	alfa sürümlerine
pişirmek	V;INFR;FUT;PERF;INTR;POS;NOM-1;NOM-SG	pişirmiş olacak mıyım
körfez	N;DAT(PL;PSS-3;PSS-SG	körfezlerine
izlemek	V;IND;PST;PERF;NEG;DECL;NOM-2;NOM-PL	izlemediydiniz
tanımak	V;IND;PST;HAB;POS;DECL;NOM-2;NOM-SG	tanırdın
attırmak	V;NEC;PRS;NEG;INTR;NOM-3;NOM-SG	attırmameli mi
sanmak	V;INFR;PST;PRSP;POS;DECL;NOM-3;NOM-SG	sanmış olacaktı
öldürtmek	V;IND;PRS;PROG;POS;DECL;NOM-1;NOM-PL	öldürtüyoruz
antropoloji	N;ABL-SG	antropolojiden
birleşmek	V;NEC;PRS;POS;DECL;NOM-1;NOM-PL	birleşmeliyiz
leş	N;SG;PRS;NOM-3;NOM-PL	leşler
öpüşmek	V;NEC;PST;PROG;NEG;DECL;NOM-2;NOM-SG	öpüşüyor olmamalıydın
devir	N;NOM(PL;PSS-2;PSS-SG	devirlerin
üşenmek	V;IND;PST;PRSP;NEG;INTR;NOM-2;NOM-SG	üşenmeyecek miydin
dedikodu yapmak	V;INFR;FUT;PROG;INTR;POS;NOM-1;NOM-PL	dedikodu yapıyor olacak mıymışız
devir	N;PL;IND;PST;NOM-1;NOM-PL	devirlerdik
izlemek	V;NEC;PRS;PROG;NEG;DECL;NOM-1;NOM-SG	izliyor olmamalıyım
kapı yapmak	V;INFR;PRS;PROG;NEG;DECL;NOM-1;NOM-SG	kapı yapmıyormuşum
plak	N;LOC(SG;PSS-3;PSS-SG	plağında
çevirmek	V;INFR;FUT;HAB;NEG;INTR;NOM-2;NOM-PL	çevirir olmayacak mıymışsınız
psikoterapi	N;ACC(PL;PSS-3;PSS-SG	psikoterapilerini
elma	N;LOC(SG;PSS-3;PSS-SG	elmasında
büyücü	N;DAT(SG;PSS-3;PSS-SG	büyücüsüne
hastalanmak	V;INFR;FUT;PRSP;INTR;POS;NOM-2;NOM-SG	hastalanacak olacak mıymışsın
tanımak	V;IND;PST;PERF;NEG;INTR;NOM-2;NOM-SG	tanımadı mıydın
acıtmak	V;INFR;PRS;PROG;INTR;POS;NOM-1;NOM-PL	acıtıyor muymuşuz
eskimek	V;NEC;PST;POS;DECL;NOM-2;NOM-PL	eskimeliydiniz
yağlamak	V;IND;FUT;PROG;INTR;POS;NOM-1;NOM-PL	yağlıyor olacak mıyız
kovmamak	V;NEC;PRS;NEG;DECL;NOM-3;NOM-PL	kovmamameliler
tercüman	N;DAT(SG;PSS-3;PSS-SG	tercümanına
sesçi	N;ABL(PL;PSS-3;PSS-SG	sesçilerinden
gözlemek	V;NEC;PRS;PROG;NEG;DECL;NOM-3;NOM-PL	gözlüyor olmamalılar
havlu atmak	V;INFR;FUT;PROG;NEG;DECL;NOM-3;NOM-SG	havlu atıyor olmayacakmış
kovdurmak	V;INFR;FUT;PROG;NEG;INTR;NOM-2;NOM-PL	kovduruyor olmayacak mıymışsınız
telefon rehberi	N;LOC-PL	telefon rehberlerinde
sıyırmak	V;INFR;FUT;HAB;POS;DECL;NOM-3;NOM-SG	sıyırır olacakmış
gözlemek	V;INFR;FUT;NEG;DECL;NOM-1;NOM-SG	gözlemeyecekmişim
saldırmak	V;INFR;FUT;PERF;INTR;POS;NOM-1;NOM-SG	saldırmış olacak mıyım
köpürtmek	V;INFR;FUT;HAB;POS;DECL;NOM-3;NOM-SG	köpürtür olacakmış
çatmak	V;INFR;PST;PERF;POS;DECL;NOM-2;NOM-PL	çatmıştınız
kanıtlamak	V;INFR;PST;NEG;DECL;NOM-3;NOM-SG	kanıtlamamış
gizlemek	V;IND;FUT;POS;DECL;NOM-1;NOM-SG	gizleyeceğim
batmak	V;IND;FUT;NEG;INTR;NOM-1;NOM-PL	batmayacak mıyız
boy ölçüşmek	V;NEC;INFR;PST;NEG;INTR;NOM-2;NOM-PL	boy ölçüşmemeli miymişsiniz
unutmak	V;IND;PST;HAB;NEG;DECL;NOM-3;NOM-SG	unutmazdı
mürekkep balığı	N;GEN-PL	mürekkep balıklarının
döndürmek	V;IND;PST;INTR;POS;NOM-2;NOM-PL	döndürdünüz mü
unutmak	V;IND;PST;HAB;INTR;POS;NOM-1;NOM-PL	unutur muyduk
gerekmek	V;INFR;FUT;PRSP;INTR;POS;NOM-1;NOM-PL	gerekecek olacak mıymışız
kosinüs	N;DAT-SG	kosinüse
kist	N;ABL-SG	kistten
kist	N;LOC(PL;PSS-2;PSS-PL	kistlerinizde
âşık	N;SG;IND;PST;NOM-2;NOM-SG	âşıktın
nene	N;ACC(PL;PSS-3;PSS-SG	nenelerini
düşmek	V;IND;PST;HAB;INTR;POS;NOM-2;NOM-PL	düşer miydiniz
sürtmek	V;IND;FUT;NEG;DECL;NOM-2;NOM-PL	sürtmeyeceksiniz
İngilizceleştirmek	V;IND;FUT;PRSP;POS;DECL;NOM-2;NOM-PL	İngilizceleştirecek olacaksınız
büktürtmemek	V;NEC;INFR;PST;INTR;POS;NOM-1;NOM-SG	büktürtmemeli miymişim
damatlık	N;GEN(PL;PSS-1;PSS-PL	damatlıklarımızın
şaşırttırmak	V;NEC;PRS;POS;DECL;NOM-3;NOM-SG	şaşırttırmeli
uymak	V;INFR;PRS;HAB;NEG;DECL;NOM-3;NOM-SG	uymazmış
öldürtmek	V;NEC;INFR;PST;INTR;POS;NOM-2;NOM-SG	öldürtmeli miymişsin
otogar	N;GEN(SG;PSS-2;PSS-PL	otogarınızın
eskimek	V;IND;PST;PERF;NEG;INTR;NOM-3;NOM-SG	eskimedi miydi
dolap çevirmek	V;NEC;PST;POS;DECL;NOM-3;NOM-SG	dolap çevirmeliydi
imrenmek	V;NEC;PRS;NEG;DECL;NOM-2;NOM-PL	imrenmemelisiniz
satılmak	V;INFR;PST;PERF;NEG;DECL;NOM-3;NOM-PL	satılmamışlardı
çıngırağı çekmek	V;INFR;PST;POS;DECL;NOM-3;NOM-SG	çıngırağı çekmiş
beklemek	V;INFR;FUT;PERF;INTR;POS;NOM-2;NOM-SG	beklemiş olacak mısın
telefon rehberi	N;GEN-SG	telefon rehberinin
kırılmak	V;NEC;PST;INTR;POS;NOM-1;NOM-PL	kırılmalı mıydık
panendeist	N;ABL(PL;PSS-2;PSS-PL	panendeistlerinizden
uzanmak	V;IND;PST;PERF;NEG;INTR;NOM-1;NOM-PL	uzanmadı mıydık
düğün pastası	N;LOC-PL	düğün pastalarında
aşure	N;ABL(SG;PSS-3;PSS-SG	aşuresinden
yaratmak	V;NEC;INFR;PRS;PROG;POS;DECL;NOM-3;NOM-PL	yaratıyor olmalılarmış
büzük	N;ABL(PL;PSS-3;PSS-SG	büzüklerinden
istiridye	N;DAT(SG;PSS-2;PSS-SG	istiridyene
canlandırılmak	V;IND;PST;HAB;PROG;POS;DECL;NOM-1;NOM-PL	canlandırılıyor olurduk
jonglör	N;GEN-PL	jonglörlerin
büktürtmemek	V;IND;FUT;PRSP;INTR;POS;NOM-1;NOM-PL	büktürtüyecek olacak mıyız
değişmek	V;IMP;NEG;DECL;NOM-2;NOM-SG	değişme
büktürtmek	V;IND;PRS;PROG;INTR;POS;NOM-2;NOM-SG	büktürtüyor musun
silkmek	V;NEC;INFR;PST;NEG;DECL;NOM-1;NOM-SG	silkmemeliymişim
hesap	N;ACC-SG	hesabı
pandeist	N;ABL(SG;PSS-2;PSS-PL	pandeistinizden
saç fırçası	N;DAT-SG	saç fırçasına
plak	N;DAT(SG;PSS-2;PSS-SG	plağına
düğün pastası	N;GEN-SG	düğün pastasının
kullanılmak	V;NEC;PRS;PROG;NEG;DECL;NOM-1;NOM-SG	kullanılıyor olmamalıyım
serçe	N;NOM-SG	serçe
tarihçi	N;GEN(SG;PSS-2;PSS-PL	tarihçinizin
geçinmek	V;INFR;PST;NEG;DECL;NOM-2;NOM-PL	geçinmemişsiniz
dakika	N;NOM(SG;PSS-3;PSS-SG	dakikası
saydırtmak	V;IND;PST;PROG;NEG;DECL;NOM-3;NOM-PL	saydırtmıyorlardı
şal	N;GEN(PL;PSS-2;PSS-SG	şallarının
yerleşmek	V;NEC;PST;NEG;DECL;NOM-2;NOM-PL	yerleşmemeliydiniz
saga	N;GEN(SG;PSS-2;PSS-PL	saganızın
dakika	N;DAT(PL;PSS-1;PSS-PL	dakikalarımıza
keş	N;ABL-SG	keşten
karanfil	N;ABL(PL;PSS-1;PSS-PL	karanfillerimizden
ilerletmek	V;INFR;FUT;PROG;NEG;DECL;NOM-1;NOM-PL	ilerletiyor olmayacakmışız
oynamak	V;INFR;FUT;PROG;NEG;INTR;NOM-2;NOM-PL	oynuyor olmayacak mıymışsınız
çatmak	V;IND;FUT;PRSP;POS;DECL;NOM-2;NOM-PL	çatacak olacaksınız
Trabzon hurması	N;LOC-SG	Trabzon hurmasında
yazmak	V;NEC;PRS;PROG;POS;DECL;NOM-1;NOM-SG	yazıyor olmalıyım
sesçi	N;GEN(PL;PSS-2;PSS-SG	sesçilerinin
öpüşmek	V;INFR;FUT;NEG;DECL;NOM-2;NOM-PL	öpüşmeyecekmişsiniz
artmak	V;INFR;PST;SG;INTR;POS;NOM-3	artmış mıymış
ayrılmak	V;IND;PST;INTR;POS;NOM-1;NOM-PL	ayrıldık mı
heyecanlanmak	V;INFR;FUT;HAB;POS;DECL;NOM-2;NOM-SG	heyecanlanır olacakmışsın
içmek	V;IND;PST;HAB;NEG;DECL;NOM-2;NOM-PL	içmezdiniz
gerinmek	V;IND;PST;PRSP;PROG;NEG;DECL;NOM-2;NOM-PL	geriniyor olmayacaktınız
elmas	N;ACC(PL;PSS-2;PSS-PL	elmaslarınızı
katılmak	V;INFR;PST;PRSP;NEG;INTR;NOM-2;NOM-SG	katılmış olmayacak mıydın
diyapazon	N;LOC-PL	diyapazonlarda
yumurtalık	N;LOC(SG;PSS-2;PSS-SG	yumurtalığında
gelmek	V;NEC;INFR;PRS;PROG;NEG;INTR;NOM-2;NOM-SG	geliyor olmamalı mıymışsın
kanmak	V;IND;PST;PRSP;INTR;POS;NOM-2;NOM-PL	kanacak mıydınız
korkutmak	V;NEC;INFR;PRS;PROG;INTR;POS;NOM-1;NOM-PL	korkutuyor olmalı mıymışız
öğütmek	V;IND;PST;PRSP;NEG;INTR;NOM-3;NOM-PL	öğütmeyecekler miydi
irdelemek	V;IMP;LGSPEC2;POS;DECL;NOM-2;NOM-PL	irdeleyiniz
silmek	V;IND;PST;PRSP;NEG;DECL;NOM-1;NOM-PL	silmeyecektik
ehemmiyetlilik	N;ACC(PL;PSS-3;PSS-SG	ehemmiyetliliklerini
yıpranmak	V;IND;PST;HAB;POS;DECL;NOM-1;NOM-PL	yıpranırdık
mağara	N;GEN(SG;PSS-3;PSS-SG	mağarasının
tarım	N;ABL(SG;PSS-3;PSS-SG	tarımından
satmak	V;INFR;PST;PERF;INTR;POS;NOM-1;NOM-SG	satmış mıydım
dalmak	V;INFR;PRS;HAB;INTR;POS;NOM-2;NOM-SG	dalar mıymışsın
germek	V;INFR;PST;PRSP;POS;DECL;NOM-2;NOM-SG	germiş olacaktın
öldürtmek	V;IND;PRS;HAB;NEG;DECL;NOM-2;NOM-PL	öldürtmezsiniz
pandeist	N;NOM(PL;PSS-1;PSS-PL	pandeistlerimiz
gereksinim	N;ACC(SG;PSS-2;PSS-PL	gereksiniminizi
katılmak	V;IND;PST;HAB;NEG;DECL;NOM-3;NOM-PL	katılmazlardı
cimcime	N;GEN(SG;PSS-2;PSS-SG	cimcimenin
attırmak	V;NEC;INFR;PRS;PROG;NEG;INTR;NOM-2;NOM-PL	atırıyor olmamalı mıymışsınız
çıngırağı çekmek	V;INFR;PST;PERF;NEG;INTR;NOM-3;NOM-SG	çıngırağı çekmemiş miydi
altdizin	N;ACC-SG	altdizini
yıpranmak	V;IND;FUT;PRSP;POS;DECL;NOM-1;NOM-SG	yıpranacak olacağım
devinmek	V;INFR;PST;SG;POS;DECL;NOM-3	devinmişmiş
brokoli	N;ABL(SG;PSS-2;PSS-SG	brokolinden
tercüman	N;ABL(PL;PSS-1;PSS-PL	tercümanlarımızdan
oda	N;GEN(PL;PSS-2;PSS-SG	odalarının
ölmek	V;INFR;PRS;HAB;NEG;DECL;NOM-1;NOM-PL	ölmezmişiz
korkutmak	V;NEC;INFR;PST;POS;DECL;NOM-2;NOM-PL	korkutmalıymışsınız
sepet	N;NOM(PL;PSS-2;PSS-SG	sepetlerin
topoloji	N;ABL(SG;PSS-1;PSS-PL	topolojimizden
mağara	N;GEN(SG;PSS-2;PSS-PL	mağaranızın
yazmak	V;NEC;PRS;PROG;POS;DECL;NOM-3;NOM-PL	yazıyor olmalılar
kullanmak	V;INFR;PST;PRSP;POS;DECL;NOM-2;NOM-PL	kullanmış olacaktınız
Abu Dabili	N;GEN(PL;PSS-3;PSS-SG	Abu Dabililerinin
damatlık	N;NOM(PL;PSS-2;PSS-PL	damatlıklarınız
seçmek	V;NEC;PST;NEG;INTR;NOM-2;NOM-PL	seçmemeli miydiniz
sorumluluk	N;NOM-SG	sorumluluk
kıymak	V;IND;PST;HAB;PROG;POS;DECL;NOM-3;NOM-PL	kıyıyor olurlardı
koltuk altı	N;DAT-SG	koltuk altına
yufka	N;ABL-PL	yufkalardan
prostat	N;LOC(SG;PSS-1;PSS-PL	prostatımızda
körfez	N;NOM-PL	körfezler
öldürtmek	V;NEC;PRS;PROG;NEG;INTR;NOM-2;NOM-PL	öldürtüyor olmamalı mısınız
taç yaprak	N;ABL(PL;PSS-3;PSS-SG	taç yapraklarından
coşmak	V;INFR;FUT;PERF;INTR;POS;NOM-3;NOM-PL	coşmuş olacaklar mı
otogar	N;LOC-SG	otogarda
pandeist	N;ACC(PL;PSS-2;PSS-SG	pandeistlerini
gerekmek	V;INFR;FUT;PRSP;NEG;DECL;NOM-3;NOM-PL	gerekecek olmayacaklarmış
çan	N;NOM(SG;PSS-1;PSS-PL	çanımız
Trabzon hurması	N;GEN-SG	Trabzon hurmasının
kapı yapmak	V;NEC;PST;PROG;NEG;INTR;NOM-3;NOM-SG	kapı yapıyor olmamalı mıydı
ısınmak	V;IND;PST;NEG;INTR;NOM-2;NOM-PL	ısınmadınız mı
tütüncü	N;PL;IND;PST;NOM-3;NOM-SG	tütüncülerdi
geliştirmek	V;INFR;PRS;PROG;POS;DECL;NOM-3;NOM-SG	geliştiriyormuş
sözlük	N;NOM(PL;PSS-2;PSS-SG	sözlüklerin
şal	N;LOC(PL;PSS-2;PSS-SG	şallarında
verilmek	V;IND;PST;PRSP;PROG;POS;DECL;NOM-2;NOM-PL	veriliyor olacaktınız
saga	N;NOM(SG;PSS-2;PSS-SG	sagan
konferans	N;ACC(PL;PSS-3;PSS-SG	konferanslarını
ekşimek	V;INFR;FUT;POS;DECL;NOM-3;NOM-PL	ekşiyeceklermiş
sorumluluk	N;NOM(PL;PSS-1;PSS-PL	sorumluluklarımız
yağlayıcı	N;GEN-SG	yağlayıcının
gelişmek	V;NEC;PST;PROG;INTR;POS;NOM-2;NOM-SG	gelişiyor olmalı mıydın
mermi	N;DAT(SG;PSS-2;PSS-PL	merminize
yaymak	V;INFR;PRS;HAB;POS;DECL;NOM-1;NOM-PL	yayarmışız
Trabzon hurması	N;ABL-SG	Trabzon hurmasından
patlamak	V;INFR;PST;SG;INTR;POS;NOM-2	patlamış mıymışsın
öpüşmek	V;INFR;FUT;PROG;POS;DECL;NOM-1;NOM-PL	öpüşüyor olacakmışız
satılmak	V;IND;PRS;PROG;NEG;DECL;NOM-2;NOM-PL	satılmıyorsunuz
ritm	N;GEN(SG;PSS-2;PSS-PL	ritminizin
köpek balığı	N;GEN-SG	köpek balığının
bitirttirmek	V;INFR;PRS;PROG;INTR;POS;NOM-1;NOM-SG	bitirttiriyor muymuşum
taç yaprak	N;ACC(PL;PSS-3;PSS-SG	taç yapraklarını
ilerletmek	V;IND;PST;PERF;INTR;POS;NOM-2;NOM-PL	ilerletti miydiniz
kaynaştırtılmak	V;IND;PST;HAB;PROG;NEG;INTR;NOM-1;NOM-SG	kaynaştırtılıyor olmaz mıydım
artmak	V;INFR;PST;PERF;NEG;DECL;NOM-1;NOM-SG	artmamıştım
saban	N;LOC(SG;PSS-3;PSS-SG	sabanında
dolmak	V;IND;PRS;HAB;POS;DECL;NOM-2;NOM-SG	dolarsın
kaldıraç kuvveti	N;ABL-SG	kaldıraç kuvvetinden
boğmak	V;NEC;PST;PROG;NEG;INTR;NOM-3;NOM-PL	boğuyor olmamalılar mıydı
şaşırttırmak	V;INFR;FUT;PRSP;NEG;DECL;NOM-1;NOM-PL	şaşırttıracak olmayacakmışız
albüm	N;LOC-SG	albümde
kıskanmak	V;NEC;PRS;PROG;INTR;POS;NOM-1;NOM-PL	kıskanıyor olmalı mıyız
işlemek	V;INFR;FUT;HAB;NEG;DECL;NOM-1;NOM-SG	işler olmayacakmışım
sakız topu	N;LOC-SG	sakız topunda
koleksiyon	N;GEN-SG	koleksiyonun
dokumak	V;NEC;INFR;PRS;PROG;INTR;POS;NOM-1;NOM-SG	dokuyor olmalı mıymışım
sözlük	N;SG;PRS;NOM-2;NOM-SG	sözlüksün
içbükey açı	N;ABL-PL	içbükey açılardan
ekşimek	V;IND;PRS;PROG;NEG;DECL;NOM-3;NOM-SG	ekşimiyor
sürülmek	V;INFR;FUT;PERF;NEG;DECL;NOM-2;NOM-PL	sürülmüş olmayacaksınız
tütüncü	N;GEN(PL;PSS-1;PSS-PL	tütüncülerimizin
baklava	N;GEN-PL	baklavaların
kalıbı dinlendirmek	V;IMP;LGSPEC2;NEG;DECL;NOM-2;NOM-PL	kalıbı dinlendirmeyiniz
tütüncü	N;DAT-SG	tütüncüye
can vermek	V;NEC;INFR;PST;POS;DECL;NOM-1;NOM-PL	can vermeliymişiz
sattırmak	V;IND;PRS;HAB;INTR;POS;NOM-1;NOM-PL	sattırır mıyız
bok	N;LOC(SG;PSS-2;PSS-PL	bokunuzda
lise	N;ACC-SG	liseyi
bitirttirmek	V;IND;PST;PERF;INTR;POS;NOM-2;NOM-SG	bitirttirdi miydin
sikişmek	V;IND;PRS;PROG;NEG;INTR;NOM-3;NOM-PL	sikişmiyorlar mı
artmak	V;IND;PRS;HAB;NEG;DECL;NOM-2;NOM-SG	artmazsın
dövüş	N;NOM(PL;PSS-2;PSS-SG	dövüşlerin
tutuşturmak	V;INFR;FUT;PRSP;NEG;DECL;NOM-2;NOM-SG	tutuşturacak olmayacakmışsın
dönmek	V;IND;PST;POS;DECL;NOM-1;NOM-PL	döndük
bıkmak	V;INFR;PRS;HAB;NEG;INTR;NOM-1;NOM-PL	bıkmaz mıymışız
psikoterapi	N;LOC(SG;PSS-1;PSS-PL	psikoterapimizde
kanıtlamak	V;NEC;PRS;PROG;NEG;INTR;NOM-1;NOM-PL	kanıtlıyor olmamalı mıyız
şaşırttırmak	V;IND;PRS;PROG;NEG;INTR;NOM-1;NOM-PL	şaşırttırmıyor muyuz
koleksiyon	N;NOM(SG;PSS-2;PSS-SG	koleksiyonun
germek	V;INFR;PST;PERF;NEG;INTR;NOM-3;NOM-SG	germemiş miydi
yazmak	V;INFR;PST;POS;DECL;NOM-3;NOM-SG	yazmış
germek	V;IND;FUT;PROG;POS;DECL;NOM-1;NOM-SG	geriyor olacağım
hava atmak	V;NEC;PRS;INTR;POS;NOM-2;NOM-PL	hava atmeli misiniz
köfte	N;ABL(PL;PSS-1;PSS-PL	köftelerimizden
kafes bileşik	N;DAT(PL;PSS-1;PSS-PL	kafes bileşiklerimize
bok	N;ABL(SG;PSS-2;PSS-SG	bokundan
boşalmak	V;NEC;INFR;PST;NEG;DECL;NOM-1;NOM-PL	boşalmamalıymışız
yaratmak	V;IND;PST;PRSP;NEG;INTR;NOM-1;NOM-SG	yaratmayacak mıydım
mukavemet	N;NOM-PL	mukavemetler
sürülmek	V;NEC;PST;PROG;POS;DECL;NOM-2;NOM-SG	sürülüyor olmalıydın
unutmak	V;IND;FUT;PRSP;INTR;POS;NOM-3;NOM-SG	unutacak olacak mı
çarpmak	V;IND;FUT;PROG;NEG;INTR;NOM-1;NOM-SG	çarpıyor olmayacak mıyım
batmak	V;NEC;PRS;POS;DECL;NOM-1;NOM-SG	batmeliyim
ehemmiyetlilik	N;GEN(SG;PSS-2;PSS-SG	ehemmiyetliliğinin
keş	N;NOM(PL;PSS-3;PSS-SG	keşleri
çan	N;DAT(PL;PSS-3;PSS-SG	çanlarına
kafes bileşik	N;LOC-PL	kafes bileşiklerde
mağara	N;ABL(SG;PSS-2;PSS-PL	mağaranızdan
şok	N;ABL-PL	şoklardan
harçlık	N;LOC(PL;PSS-3;PSS-SG	harçlıklarında
peygamber devesi	N;DAT-PL	peygamber develerine
çaydanlık	N;ABL-SG	çaydanlıktan
prostat	N;NOM-SG	prostat
elma	N;NOM(PL;PSS-3;PSS-SG	elmaları
taklit	N;ACC(SG;PSS-2;PSS-SG	taklidini
içbükey açı	N;ACC-SG	içbükey açıyı
kurutmak	V;IND;PST;PRSP;NEG;INTR;NOM-1;NOM-SG	kurutmayacak mıydım
gondol	N;LOC(SG;PSS-1;PSS-PL	gondolumuzda
izlemek	V;INFR;PST;NEG;DECL;NOM-3;NOM-PL	izlememişler
şok	N;DAT-SG	şoka
horlamak	V;INFR;FUT;PROG;INTR;POS;NOM-1;NOM-SG	horluyor olacak mıymışım
ayrılmak	V;IND;FUT;PROG;NEG;DECL;NOM-1;NOM-PL	ayrılıyor olmayacağız
ritim	N;DAT-PL	ritimlere
kovmamak	V;INFR;PRS;PROG;INTR;POS;NOM-2;NOM-SG	kovuyor muymuşsun
saydırtmak	V;INFR;PRS;PROG;NEG;INTR;NOM-2;NOM-PL	saydırtmıyor muymuşsunuz
ilerletmek	V;INFR;PST;INTR;POS;NOM-1;NOM-PL	ilerletmiş miyiz
gaf	N;NOM(PL;PSS-1;PSS-PL	gaflarımız
boğmak	V;INFR;FUT;PROG;POS;DECL;NOM-1;NOM-SG	boğuyor olacakmışım
düşmek	V;IND;PST;PRSP;PROG;INTR;POS;NOM-2;NOM-PL	düşüyor olacak mıydınız
öpüşmek	V;INFR;FUT;PERF;NEG;DECL;NOM-1;NOM-PL	öpüşmüş olmayacağız
sikişmek	V;NEC;INFR;PRS;PROG;INTR;POS;NOM-2;NOM-PL	sikişiyor olmalı mıymışsınız
örtmek	V;NEC;PRS;PROG;NEG;INTR;NOM-2;NOM-PL	örtüyor olmamalı mısınız
diyapazon	N;GEN(PL;PSS-2;PSS-PL	diyapazonlarınızın
şikâyet etmek	V;IND;FUT;INTR;POS;NOM-3;NOM-PL	şikâyet edecekler mi
işitmek	V;IND;PST;HAB;PROG;INTR;POS;NOM-3;NOM-SG	işitiyor olur muydu
sövmek	V;IND;PST;PROG;INTR;POS;NOM-3;NOM-SG	sövüyor muydu
yaymak	V;NEC;INFR;PRS;PROG;NEG;INTR;NOM-3;NOM-SG	yayıyor olmamalı mıymış
dönmek	V;NEC;PRS;PROG;NEG;INTR;NOM-2;NOM-PL	dönüyor olmamalı mısınız
devir	N;PL;INFR;PST;NOM-3;NOM-PL	devirlermiş
devir	N;LOC(PL;PSS-1;PSS-PL	devirlerimizde
seçmek	V;IND;FUT;NEG;INTR;NOM-1;NOM-SG	seçmeyecek miyim
mevki	N;ACC-PL	mevkileri
korimboz	N;NOM-SG	korimboz
psikoterapi	N;ABL(PL;PSS-3;PSS-SG	psikoterapilerinden
hazine sandığı	N;GEN-SG	hazine sandığının
cızlamı çekmek	V;IND;FUT;INTR;POS;NOM-1;NOM-SG	cızlamı çekecek miyim
gerinmek	V;IND;FUT;PRSP;POS;DECL;NOM-1;NOM-SG	gerinecek olacağım
konferans	N;DAT(PL;PSS-2;PSS-SG	konferanslarına
bitirttirmek	V;NEC;PRS;NEG;INTR;NOM-3;NOM-PL	bitirttirmemeliler mi
cezve	N;DAT(PL;PSS-2;PSS-SG	cezvelerine
güreşçi	N;SG;PRS;NOM-2;NOM-SG	güreşçisin
plak	N;DAT(PL;PSS-2;PSS-SG	plaklarına
kulağını bükmek	V;IND;PST;PROG;NEG;DECL;NOM-2;NOM-PL	kulağını bükmüyordunuz
canlandırmak	V;INFR;PST;PL;NEG;INTR;NOM-2	canlandırmamış mıymışsınız
fortlamak	V;IND;FUT;PROG;NEG;DECL;NOM-2;NOM-SG	fortluyor olmayacaksın
baklava	N;ACC(PL;PSS-3;PSS-SG	baklavalarını
benzemek	V;NEC;PRS;PROG;NEG;DECL;NOM-3;NOM-PL	benziyor olmamalılar
ıslık çalmak	V;NEC;PST;POS;DECL;NOM-1;NOM-PL	ıslık çalmalıydık
attırmak	V;IND;PST;PROG;INTR;POS;NOM-1;NOM-SG	atırıyor muydum
ağda yapmak	V;INFR;FUT;PRSP;INTR;POS;NOM-1;NOM-SG	ağd yapacak olacak mıymışım
tecessüm	N;NOM-PL	tecessümler
yağlamak	V;IND;FUT;NEG;DECL;NOM-3;NOM-PL	yağlamayacaklar
külek	N;GEN(SG;PSS-2;PSS-SG	küleğinin
kanıtlamak	V;IND;PST;HAB;PROG;NEG;INTR;NOM-2;NOM-PL	kanıtlıyor olmaz mıydınız
elmas	N;ABL(SG;PSS-1;PSS-PL	elmasımızdan
bıyık	N;NOM(PL;PSS-2;PSS-PL	bıyıklarınız
gondol	N;GEN(SG;PSS-2;PSS-SG	gondolunun
hastalanmak	V;IND;PST;PRSP;POS;DECL;NOM-3;NOM-PL	hastalanacaklardı
sosyoloji	N;ACC-PL	sosyolojileri
otogar	N;NOM(PL;PSS-2;PSS-SG	otogarların
harçlık	N;GEN(PL;PSS-2;PSS-PL	harçlıklarınızın
hata yapmak	V;NEC;PST;NEG;DECL;NOM-3;NOM-SG	hata yapmamalıydı
katılmak	V;IND;FUT;PRSP;NEG;INTR;NOM-2;NOM-PL	katılacak olmayacak mısınız
sümük	N;ACC-PL	sümükleri
zeval	N;ACC-SG	zevali
öpüşmek	V;NEC;INFR;PST;NEG;DECL;NOM-1;NOM-PL	öpüşmemeliymişiz
patlamak	V;NEC;PRS;PROG;POS;DECL;NOM-2;NOM-PL	patlıyor olmalısınız
geçinmek	V;INFR;PRS;HAB;POS;DECL;NOM-3;NOM-PL	geçinirlermiş
soymak	V;NEC;PRS;PROG;NEG;DECL;NOM-1;NOM-PL	soyuyor olmamalıyız
izlemek	V;IND;PST;HAB;PROG;NEG;DECL;NOM-3;NOM-PL	izliyor olmazlardı
kurutmak	V;INFR;PST;PERF;POS;DECL;NOM-3;NOM-SG	kurutmuştu
temsilci	N;NOM(PL;PSS-2;PSS-PL	temsilcileriniz
üşenmek	V;IND;PST;PRSP;NEG;INTR;NOM-3;NOM-PL	üşenmeyecekler miydi
concon	N;ABL-SG	concondan
geçmek	V;INFR;PST;PL;POS;DECL;NOM-3	geçmişlermiş
bunamak	V;IND;FUT;PRSP;POS;DECL;NOM-2;NOM-PL	bunayacak olacaksınız
baklava	N;NOM(SG;PSS-1;PSS-PL	baklavamız
alındırtmak	V;IND;FUT;NEG;INTR;NOM-3;NOM-PL	alındırtmayacaklar mı
acıktırmak	V;IND;PST;NEG;DECL;NOM-2;NOM-SG	acıktırmadın
sızmak	V;INFR;FUT;PERF;NEG;INTR;NOM-2;NOM-SG	sızmış olmayacak mısın
koyulaşmak	V;IND;PST;PERF;NEG;DECL;NOM-1;NOM-PL	koyulaşmadıydık
pandeist	N;LOC(SG;PSS-2;PSS-PL	pandeistinizde
örtmek	V;IND;FUT;PRSP;POS;DECL;NOM-1;NOM-PL	örtecek olacağız
kaynamak	V;IND;PRS;HAB;NEG;INTR;NOM-1;NOM-SG	kaynamaz mıyım
gelişmek	V;IMP;POS;DECL;NOM-2;NOM-PL	gelişin
psikolog	N;ABL-SG	psikologdan
döndürmek	V;INFR;PRS;PROG;NEG;INTR;NOM-2;NOM-PL	döndürmüyor muymuşsunuz
dokumak	V;NEC;PRS;NEG;INTR;NOM-3;NOM-SG	dokumameli mi
ayrılmak	V;IND;FUT;POS;DECL;NOM-1;NOM-SG	ayrılacağım
altın	N;LOC(SG;PSS-3;PSS-SG	altınında
parçacık	N;NOM(SG;PSS-2;PSS-SG	parçacığın
dilek	N;LOC(PL;PSS-1;PSS-PL	dileklerimizde
yumurtalık	N;NOM(PL;PSS-2;PSS-PL	yumurtalıklarınız
bildirmek	V;NEC;PRS;PROG;NEG;INTR;NOM-3;NOM-SG	bildiriyor olmamalı mı
çevirmek	V;NEC;PRS;PROG;POS;DECL;NOM-2;NOM-SG	çeviriyor olmalısın
oynamak	V;NEC;PRS;NEG;DECL;NOM-1;NOM-SG	oynamameliyim
iskender	N;SG;PRS;NOM-3;NOM-SG	iskender
demek	V;INFR;FUT;PERF;NEG;INTR;NOM-1;NOM-SG	demiş olmayacak mıyım
bunamak	V;INFR;FUT;POS;DECL;NOM-1;NOM-SG	bunayacakmışım
sümük	N;DAT(SG;PSS-2;PSS-SG	sümüğüne
altın	N;ACC(SG;PSS-2;PSS-PL	altınınızı
ağlaşmak	V;IMP;POS;DECL;NOM-2;NOM-SG	ağlaş
yetki	N;GEN-PL	yetkilerin
binmek	V;INFR;PST;PRSP;NEG;DECL;NOM-1;NOM-SG	binmiş olmayacaktım
yaratık	N;GEN-SG	yaratığın
delmek	V;NEC;PRS;INTR;POS;NOM-1;NOM-PL	delmeli miyiz
aşık	N;DAT(PL;PSS-2;PSS-SG	aşıklarına
kanmak	V;INFR;FUT;PERF;POS;DECL;NOM-3;NOM-SG	kanmış olacak
cızlamı çekmek	V;NEC;PST;NEG;DECL;NOM-3;NOM-PL	cızlamı çekmemelilerdi
saydırtmak	V;NEC;PRS;PROG;POS;DECL;NOM-3;NOM-PL	saydırtıyor olmalılar
büzük	N;DAT(PL;PSS-2;PSS-PL	büzüklerinize
gaf	N;NOM-SG	gaf
avukat	N;SG;IND;PST;NOM-1;NOM-SG	avukattım
tepmek	V;INFR;PRS;PROG;INTR;POS;NOM-2;NOM-SG	tepiyor muymuşsun
demek	V;INFR;PST;PERF;NEG;DECL;NOM-3;NOM-PL	dememişlerdi
karanfil	N;NOM(SG;PSS-2;PSS-SG	karanfilin
gecelik	N;ABL(PL;PSS-2;PSS-SG	geceliklerinden
sinir hücresi	N;ACC-SG	sinir hücresini
patlamak	V;NEC;PST;NEG;INTR;NOM-2;NOM-SG	patlamamalı mıydın
kurutmak	V;INFR;FUT;PROG;INTR;POS;NOM-1;NOM-SG	kurutuyor olacak mıymışım
jonglör	N;LOC(PL;PSS-2;PSS-SG	jonglörlerinde
içbükey açı	N;LOC-PL	içbükey açılarda
heyecanlanmak	V;NEC;PRS;PROG;NEG;DECL;NOM-1;NOM-SG	heyecanlanıyor olmamalıyım
idadi	N;LOC-PL	idadilerde
binmek	V;INFR;FUT;PERF;NEG;INTR;NOM-2;NOM-PL	binmiş olmayacak mısınız
ücretlilik	N;GEN(SG;PSS-2;PSS-PL	ücretliliğinizin
üstesinden gelmek	V;NEC;INFR;PRS;PROG;INTR;POS;NOM-3;NOM-SG	üstesinden geliyor olmalı mıymış
embriyo	N;NOM(PL;PSS-2;PSS-SG	embriyoların
kıskanmak	V;NEC;PRS;PROG;NEG;INTR;NOM-3;NOM-PL	kıskanıyor olmamalılar mı
savunmak	V;INFR;PRS;PROG;NEG;INTR;NOM-2;NOM-SG	savunmuyor muymuşsun
şaşırttırmak	V;INFR;FUT;PRSP;INTR;POS;NOM-3;NOM-SG	şaşırttıracak olacak mıymış
çatmak	V;INFR;PRS;PROG;NEG;DECL;NOM-2;NOM-SG	çatmıyormuşsun
yalvarmak	V;INFR;FUT;PRSP;NEG;INTR;NOM-2;NOM-SG	yalvaracak olmayacak mıymışsın
laterna	N;NOM-PL	laternalar
zeval	N;ABL-SG	zevalden
saldırmak	V;INFR;PST;NEG;DECL;NOM-2;NOM-PL	saldırmamışsınız
yetmezlik	N;DAT-PL	yetmezliklere
gelmek	V;IND;FUT;PROG;INTR;POS;NOM-3;NOM-SG	geliyor olacak mı
yetki	N;ACC(SG;PSS-1;PSS-PL	yetkimizi
sattırtmak	V;IND;FUT;PROG;NEG;DECL;NOM-3;NOM-SG	sattırtıyor olmayacak
bok	N;NOM-SG	bok
jonglör	N;ACC(PL;PSS-3;PSS-SG	jonglörlerini
boğmak	V;IND;PST;PERF;POS;DECL;NOM-2;NOM-SG	boğduydun
irdelemek	V;INFR;FUT;HAB;INTR;POS;NOM-1;NOM-PL	irdeler olacak mıymışız
bıçaklamak	V;INFR;PRS;PROG;POS;DECL;NOM-1;NOM-PL	bıçaklıyormuşuz
dokumak	V;IND;PST;HAB;INTR;POS;NOM-2;NOM-SG	dokur muydun
bilemek	V;NEC;PST;NEG;DECL;NOM-2;NOM-SG	bilememeliydin
gerekmek	V;IND;PST;HAB;PROG;NEG;INTR;NOM-2;NOM-SG	gerekiyor olmaz mıydın
savunmak	V;INFR;FUT;INTR;POS;NOM-3;NOM-SG	savunacak mıymış
baklava	N;ACC(PL;PSS-2;PSS-SG	baklavalarını
beklemek	V;INFR;PST;PRSP;INTR;POS;NOM-1;NOM-SG	beklemiş olacak mıydım
büzük	N;GEN(PL;PSS-2;PSS-SG	büzüklerinin
unutmak	V;NEC;PRS;POS;DECL;NOM-2;NOM-PL	unutmelisiniz
süründürtmek	V;INFR;PST;PRSP;NEG;DECL;NOM-2;NOM-SG	süründürtmüş olmayacaktın
tercüman	N;NOM(SG;PSS-1;PSS-PL	tercümanımız
nalları dikmek	V;IND;PST;PERF;POS;DECL;NOM-2;NOM-PL	nalları diktiydiniz
canlandırmak	V;IND;PST;PERF;INTR;POS;NOM-3;NOM-SG	canlandırdı mıydı
kovdurmak	V;INFR;FUT;HAB;NEG;INTR;NOM-2;NOM-PL	kovdurur olmayacak mıymışsınız
aşmak	V;INFR;PRS;HAB;NEG;DECL;NOM-2;NOM-PL	aşmazmışsınız
delirmek	V;INFR;FUT;NEG;DECL;NOM-3;NOM-PL	delirmeyeceklermiş
yağlayıcı	N;LOC(SG;PSS-3;PSS-SG	yağlayıcısında
açmak	V;INFR;FUT;PERF;NEG;INTR;NOM-3;NOM-SG	açmış olmayacak mı
sikişmek	V;INFR;PRS;HAB;INTR;POS;NOM-1;NOM-PL	sikişir miymişiz
delmek	V;IND;PST;PRSP;NEG;INTR;NOM-1;NOM-PL	delmeyecek miydik
pişirmek	V;IND;PST;PERF;NEG;DECL;NOM-1;NOM-SG	pişirmediydim
silmek	V;IND;PST;HAB;NEG;DECL;NOM-2;NOM-SG	silmezdin
av	N;ABL(PL;PSS-3;PSS-SG	avlarından
yaratık	N;ABL-PL	yaratıklardan
kafes bileşik	N;LOC(SG;PSS-3;PSS-SG	kafes bileşiğinde
büzük	N;ABL(PL;PSS-2;PSS-SG	büzüklerinden
imrenmek	V;INFR;FUT;PERF;NEG;DECL;NOM-2;NOM-PL	imrenmiş olmayacaksınız
kullanılmak	V;NEC;PRS;PROG;INTR;POS;NOM-3;NOM-SG	kullanılıyor olmalı mı
büktürtülmek	V;INFR;FUT;NEG;DECL;NOM-2;NOM-SG	büktürtülmeyecekmişsin
kolaj	N;GEN(PL;PSS-1;PSS-PL	kolajlarımızın
ağda yapmak	V;IND;PST;INTR;POS;NOM-1;NOM-SG	ağda yaptım mı
panendeist	N;ACC(PL;PSS-2;PSS-PL	panendeistlerinizi
bilemek	V;INFR;PRS;HAB;NEG;INTR;NOM-2;NOM-SG	bilemez miymişsin
içmek	V;INFR;PST;PL;NEG;DECL;NOM-3	içmemişlermiş
kovdurmak	V;INFR;PRS;PROG;POS;DECL;NOM-2;NOM-PL	kovduruyormuşsunuz
demek	V;INFR;FUT;PERF;POS;DECL;NOM-1;NOM-SG	demiş olacağım
içmek	V;IND;FUT;PRSP;INTR;POS;NOM-3;NOM-PL	içecek olacaklar mı
oyuncak	N;ACC(SG;PSS-2;PSS-PL	oyuncağınızı
cızlamı çekmek	V;INFR;PST;SG;POS;DECL;NOM-2	cızlamı çekmişmişsin
koleksiyon	N;GEN(SG;PSS-1;PSS-PL	koleksiyonumuzun
bıyık	N;ACC(PL;PSS-2;PSS-SG	bıyıklarını
sattırtmak	V;IND;PST;PROG;INTR;POS;NOM-3;NOM-SG	sattırtıyor muydu
idadi	N;GEN-SG	idadinin
tetrafobi	N;NOM-SG	tetrafobi
çan	N;PL;IND;PST;NOM-3;NOM-PL	çanlardı
tükenmek	V;INFR;PST;PRSP;POS;DECL;NOM-1;NOM-PL	tükenmiş olacaktık
pay	N;GEN(SG;PSS-2;PSS-SG	payının
öğrenci	N;LOC(PL;PSS-2;PSS-PL	öğrencilerinizde
sızmak	V;NEC;INFR;PST;NEG;DECL;NOM-2;NOM-PL	sızmamalıymışsınız
cenaze	N;NOM-PL	cenazeler
demek	V;IND;PST;PRSP;NEG;INTR;NOM-3;NOM-SG	demeyecek miydi
sorumluluk	N;ACC(SG;PSS-3;PSS-SG	sorumluluğunu
yaratmak	V;INFR;PST;PERF;NEG;DECL;NOM-2;NOM-PL	yaratmamıştınız
çarpmak	V;INFR;PST;NEG;INTR;NOM-1;NOM-SG	çarpmamış mıyım
örtmek	V;NEC;INFR;PST;NEG;INTR;NOM-2;NOM-SG	örtmemeli miymişsin
yaklaşmak	V;IND;PST;PRSP;NEG;INTR;NOM-1;NOM-PL	yaklaşmayacak mıydık
yeterlik	N;SG;IND;PST;NOM-1;NOM-SG	yeterliktim
ayrılma	N;LOC-SG	ayrılmada
kaynaştırtılmak	V;INFR;PRS;HAB;POS;DECL;NOM-1;NOM-PL	kaynaştırtılırmışız
dolmak	V;INFR;PRS;HAB;NEG;INTR;NOM-3;NOM-PL	dolmazlar mıymış
gelmek	V;INFR;FUT;PERF;NEG;INTR;NOM-3;NOM-SG	gelmiş olmayacak mı
nalları dikmek	V;IND;PST;PROG;NEG;INTR;NOM-3;NOM-SG	nalları dikmiyor muydu
patlamak	V;INFR;PST;SG;NEG;DECL;NOM-3	patlamamışmış
yalvarmak	V;IND;FUT;PROG;INTR;POS;NOM-1;NOM-SG	yalvarıyor olacak mıyım
kullanılmak	V;IND;PRS;PROG;INTR;POS;NOM-3;NOM-PL	kullanılıyorlar mı
can vermek	V;IND;PRS;PROG;INTR;POS;NOM-1;NOM-PL	can veriyor muyuz
saklamak	V;IND;PST;INTR;POS;NOM-3;NOM-SG	sakladı mı
kırdırmak	V;IND;PST;PRSP;PROG;NEG;DECL;NOM-2;NOM-SG	kırdırıyor olmayacaktın
delirmek	V;IND;PST;HAB;PROG;NEG;INTR;NOM-2;NOM-PL	deliriyor olmaz mıydınız
ölçülmek	V;NEC;PST;NEG;INTR;NOM-2;NOM-SG	ölçülmemeli miydin
bit sineği	N;LOC-PL	bit sineklerinde
aşık	N;PL;PRS;NOM-2;NOM-SG	aşıklarsın
klorofil	N;ACC-PL	klorofilleri
yerleşmek	V;INFR;PRS;HAB;NEG;DECL;NOM-3;NOM-SG	yerleşmezmiş
kovdurmak	V;NEC;PRS;NEG;DECL;NOM-1;NOM-SG	kovdurmameliyim
sapmak	V;IND;PST;PROG;POS;DECL;NOM-3;NOM-PL	sapıyorlardı
kirletmek	V;NEC;INFR;PRS;PROG;POS;DECL;NOM-2;NOM-SG	kirletiyor olmalıymışsın
kovulmak	V;NEC;PST;POS;DECL;NOM-1;NOM-SG	kovulmalıydım
laterna	N;GEN-SG	laternanın
kanmak	V;IND;FUT;PRSP;INTR;POS;NOM-1;NOM-SG	kanacak olacak mıyım
kullanılmak	V;NEC;PRS;POS;DECL;NOM-1;NOM-SG	kullanılmeliyim
yaklaşmak	V;IND;PST;PRSP;POS;DECL;NOM-2;NOM-SG	yaklaşacaktın
tercüman	N;NOM(PL;PSS-1;PSS-PL	tercümanlarımız
ahududu	N;GEN-SG	ahududunun
yaymak	V;INFR;FUT;PRSP;POS;DECL;NOM-1;NOM-SG	yayacak olacakmışım
dalmak	V;INFR;PRS;HAB;POS;DECL;NOM-3;NOM-SG	dalarmış
diyapazon	N;NOM(PL;PSS-2;PSS-PL	diyapazonlarınız
kovmamak	V;NEC;INFR;PST;POS;DECL;NOM-1;NOM-PL	kovmamalıymışız
kullanılmak	V;NEC;PST;NEG;INTR;NOM-1;NOM-SG	kullanılmamalı mıydım
kurumak	V;IND;PST;INTR;POS;NOM-1;NOM-PL	kuruduk mu
ölmek	V;INFR;PST;PRSP;POS;DECL;NOM-1;NOM-SG	ölmüş olacaktım
bok	N;ACC(PL;PSS-3;PSS-SG	boklarını
soymak	V;NEC;PRS;PROG;NEG;DECL;NOM-2;NOM-SG	soyuyor olmamalısın
karar vermek	V;IND;PRS;HAB;NEG;DECL;NOM-1;NOM-PL	karar vermeyiz
sıyırmak	V;NEC;PST;PROG;POS;DECL;NOM-1;NOM-PL	sıyırıyor olmalıydık
sumak	N;DAT-SG	sumağa
mobilya	N;ABL(SG;PSS-2;PSS-PL	mobilyanızdan
oyuncak	N;GEN(SG;PSS-1;PSS-PL	oyuncağımızın
buluşmak	V;NEC;PST;INTR;POS;NOM-1;NOM-SG	buluşmalı mıydım
öpüşmek	V;INFR;FUT;HAB;NEG;INTR;NOM-1;NOM-SG	öpüşür olmayacak mıymışım
derviş	N;ACC(PL;PSS-3;PSS-SG	dervişlerini
batmak	V;IND;PST;POS;DECL;NOM-2;NOM-SG	battın
yaratmak	V;INFR;PST;NEG;DECL;NOM-2;NOM-SG	yaratmamışsın
taç yaprak	N;ABL-PL	taç yapraklardan
ölümsüzleştirmek	V;IND;PST;PRSP;NEG;INTR;NOM-2;NOM-SG	ölümsüzleştirmeyecek miydin
irdelemek	V;INFR;PST;NEG;DECL;NOM-2;NOM-PL	irdelememişsiniz
ölçülmek	V;IND;PST;NEG;DECL;NOM-3;NOM-SG	ölçülmedi
mevki	N;DAT(PL;PSS-2;PSS-SG	mevkilerine
nalları dikmek	V;IND;PST;HAB;POS;DECL;NOM-1;NOM-PL	nalları dikerdik
ritim	N;ACC(PL;PSS-2;PSS-PL	ritimlerinizi
konmak	V;IND;PST;PRSP;PROG;NEG;INTR;NOM-2;NOM-PL	konuyor olmayacak mıydınız
sürpriz	N;NOM-SG	sürpriz
ısınmak	V;IND;PST;PERF;POS;DECL;NOM-1;NOM-SG	ısındıydım
kötüleştirmek	V;IND;PST;PRSP;NEG;INTR;NOM-2;NOM-SG	kötüleştirmeyecek miydin
yemek borusu	N;DAT-SG	yemek borusuna
tutuşturmak	V;INFR;PST;PL;NEG;DECL;NOM-2	tutuşturmamışmışsınız
ehemmiyetlilik	N;ACC(PL;PSS-1;PSS-PL	ehemmiyetliliklerimizi
ayna	N;GEN(SG;PSS-2;PSS-SG	aynanın
diyapazon	N;GEN(SG;PSS-3;PSS-SG	diyapazonunun
imrenmek	V;INFR;FUT;PRSP;NEG;DECL;NOM-3;NOM-SG	imrenecek olmayacakmış
gondol	N;ABL(PL;PSS-2;PSS-SG	gondollarından
çağanoz	N;NOM(SG;PSS-2;PSS-PL	çağanozunuz
deneyim	N;DAT-PL	deneyimlere
coşmak	V;IND;PRS;PROG;INTR;POS;NOM-1;NOM-PL	coşuyor muyuz
sakız topu	N;LOC-PL	sakız toplarında
başarmak	V;IND;PST;HAB;NEG;INTR;NOM-2;NOM-PL	başarmaz mıydınız
canlandırmak	V;IND;PST;NEG;DECL;NOM-3;NOM-PL	canlandırmadılar
yıpranmak	V;IND;PST;PROG;POS;DECL;NOM-1;NOM-SG	yıpranıyordum
işletim	N;LOC(PL;PSS-1;PSS-PL	işletimlerimizde
cezve	N;LOC(PL;PSS-2;PSS-PL	cezvelerinizde
gerekmek	V;NEC;INFR;PST;POS;DECL;NOM-3;NOM-SG	gerekmeliymiş
içmek	V;NEC;PST;PROG;NEG;INTR;NOM-1;NOM-PL	içiyor olmamalı mıydık
bitirttirmek	V;IND;FUT;PRSP;NEG;INTR;NOM-2;NOM-PL	bitirttirecek olmayacak mısınız
öldürtmek	V;INFR;PST;SG;INTR;POS;NOM-2	öldürtmüş müymüşsün
yaymak	V;INFR;PST;PRSP;INTR;POS;NOM-3;NOM-SG	yaymış olacak mıydı
bunamak	V;IND;FUT;INTR;POS;NOM-3;NOM-SG	bunayacak mı
boğmak	V;INFR;PST;PERF;NEG;INTR;NOM-1;NOM-PL	boğmamış mıydık
girmek	V;NEC;INFR;PRS;PROG;NEG;INTR;NOM-1;NOM-SG	giriyor olmamalı mıymışım
elmas	N;GEN(SG;PSS-2;PSS-PL	elmasınızın
saydırtmak	V;INFR;PST;PRSP;NEG;INTR;NOM-3;NOM-PL	saydırtmış olmayacaklar mıydı
atom	N;DAT(SG;PSS-1;PSS-PL	atomumuza
üstesinden gelmek	V;INFR;PST;NEG;DECL;NOM-3;NOM-PL	üstesinden gelmemişler
tanımak	V;INFR;PST;PL;NEG;DECL;NOM-2	tanımamışmışsınız
katılmak	V;IND;PRS;HAB;NEG;DECL;NOM-1;NOM-SG	katılmam
gizlemek	V;INFR;FUT;INTR;POS;NOM-2;NOM-SG	gizleyecek miymişsin
ısınmak	V;IND;PRS;HAB;POS;DECL;NOM-3;NOM-PL	ısınırlar
taç yaprak	N;NOM(PL;PSS-1;PSS-PL	taç yapraklarımız
sattırtmak	V;NEC;PRS;POS;DECL;NOM-2;NOM-SG	sattırtmelisin
soğan	N;ABL(PL;PSS-1;PSS-PL	soğanlarımızdan
motel	N;LOC(PL;PSS-2;PSS-SG	motellerinde
yıkamak	V;INFR;FUT;INTR;POS;NOM-2;NOM-PL	yıkayacak mıymışsınız
gaf	N;ACC(PL;PSS-2;PSS-SG	gaflarını
tabanca	N;DAT(PL;PSS-2;PSS-PL	tabancalarınıza
boğmak	V;INFR;PST;NEG;DECL;NOM-2;NOM-SG	boğmamışsın
ittirilmek	V;INFR;FUT;HAB;INTR;POS;NOM-1;NOM-SG	ittirilir olacak mıymışım
saga	N;ABL(PL;PSS-2;PSS-SG	sagalarından
gençlik	N;ACC(SG;PSS-3;PSS-SG	gençliğini
ahududu	N;ABL-PL	ahudutlarından
yemek borusu	N;ACC-SG	yemek borusunu
oyuncak	N;NOM(PL;PSS-3;PSS-SG	oyuncakları
uymak	V;INFR;PST;PRSP;NEG;DECL;NOM-3;NOM-SG	uymuş olmayacaktı
tanımak	V;NEC;PRS;POS;DECL;NOM-1;NOM-SG	tanımeliyim
brokoli	N;LOC(SG;PSS-1;PSS-PL	brokolimizde
ritim	N;NOM(PL;PSS-3;PSS-SG	ritimleri
tütüncü	N;ACC(PL;PSS-2;PSS-SG	tütüncülerini
öpmek	V;NEC;PST;POS;DECL;NOM-2;NOM-PL	öpmeliydiniz
öğrenci	N;NOM(SG;PSS-2;PSS-PL	öğrenciniz
sattırtmak	V;NEC;PST;PROG;NEG;INTR;NOM-2;NOM-PL	sattırtıyor olmamalı mıydınız
laterna	N;ABL(SG;PSS-2;PSS-SG	laternandan
